[{"Pressed": "'i'"}, {"Held": "'i'"}, {"Released": "'i'"}, {"Pressed": "'r'"}, {"Held": "'r'"}, {"Released": "'r'"}, {"Pressed": "'f'"}, {"Held": "'f'"}, {"Released": "'f'"}, {"Pressed": "'a'"}, {"Held": "'a'"}, {"Released": "'a'"}, {"Pressed": "'n'"}, {"Held": "'n'"}, {"Released": "'n'"}, {"Pressed": "Key.space"}, {"Held": "Key.space"}, {"Released": "Key.space"}, {"Pressed": "'b'"}, {"Held": "'b'"}, {"Released": "'b'"}, {"Pressed": "'a'"}, {"Held": "'a'"}, {"Released": "'a'"}, {"Pressed": "'s'"}, {"Held": "'s'"}, {"Released": "'s'"}, {"Pressed": "'h'"}, {"Held": "'h'"}, {"Released": "'h'"}, {"Pressed": "'a'"}, {"Held": "'a'"}, {"Released": "'a'"}, {"Pressed": "Key.enter"}, {"Held": "Key.enter"}, {"Released": "Key.enter"}, {"Pressed": "Key.backspace"}, {"Held": "Key.backspace"}, {"Released": "Key.backspace"}, {"Pressed": "Key.backspace"}, {"Held": "Key.backspace"}, {"Released": "Key.backspace"}, {"Pressed": "Key.backspace"}, {"Held": "Key.backspace"}, {"Released": "Key.backspace"}, {"Pressed": "Key.backspace"}, {"Held": "Key.backspace"}, {"Released": "Key.backspace"}, {"Pressed": "Key.backspace"}, {"Held": "Key.backspace"}, {"Released": "Key.backspace"}, {"Pressed": "Key.backspace"}, {"Held": "Key.backspace"}, {"Released": "Key.backspace"}, {"Pressed": "Key.backspace"}, {"Held": "Key.backspace"}, {"Released": "Key.backspace"}, {"Pressed": "Key.backspace"}, {"Held": "Key.backspace"}, {"Released": "Key.backspace"}, {"Pressed": "Key.backspace"}, {"Held": "Key.backspace"}, {"Released": "Key.backspace"}, {"Pressed": "Key.backspace"}, {"Held": "Key.backspace"}, {"Released": "Key.backspace"}, {"Pressed": "Key.backspace"}, {"Held": "Key.backspace"}, {"Released": "Key.backspace"}, {"Pressed": "'b'"}, {"Held": "'b'"}, {"Released": "'b'"}, {"Pressed": "'i'"}, {"Held": "'i'"}, {"Released": "'i'"}, {"Pressed": "'k'"}, {"Held": "'k'"}, {"Released": "'k'"}, {"Pressed": "'e'"}, {"Held": "'e'"}, {"Released": "'e'"}, {"Pressed": "Key.space"}, {"Held": "Key.space"}, {"Released": "Key.space"}, {"Pressed": "'r'"}, {"Held": "'r'"}, {"Released": "'r'"}, {"Pressed": "'i'"}, {"Held": "'i'"}, {"Released": "'i'"}, {"Pressed": "'d'"}, {"Held": "'d'"}, {"Released": "'d'"}, {"Pressed": "'e'"}, {"Held": "'e'"}, {"Released": "'e'"}, {"Pressed": "'r'"}, {"Held": "'r'"}, {"Released": "'r'"}, {"Pressed": "Key.enter"}, {"Held": "Key.enter"}, {"Released": "Key.enter"}, {"Pressed": "Key.backspace"}, {"Held": "Key.backspace"}, {"Held": "Key.backspace"}, {"Held": "Key.backspace"}, {"Held": "Key.backspace"}, {"Held": "Key.backspace"}, {"Held": "Key.backspace"}, {"Held": "Key.backspace"}, {"Held": "Key.backspace"}, {"Held": "Key.backspace"}, {"Held": "Key.backspace"}, {"Held": "Key.backspace"}, {"Held": "Key.backspace"}, {"Held": "Key.backspace"}, {"Held": "Key.backspace"}, {"Held": "Key.backspace"}, {"Held": "Key.backspace"}, {"Held": "Key.backspace"}, {"Held": "Key.backspace"}, {"Released": "Key.backspace"}, {"Pressed": "'g'"}, {"Held": "'g'"}, {"Released": "'g'"}, {"Pressed": "'a'"}, {"Held": "'a'"}, {"Held": "'m'"}, {"Released": "'a'"}, {"Released": "'m'"}, {"Pressed": "'e'"}, {"Held": "'e'"}, {"Released": "'e'"}, {"Pressed": "'s'"}, {"Held": "'s'"}, {"Released": "'s'"}, {"Pressed": "Key.enter"}, {"Held": "Key.enter"}, {"Released": "Key.enter"}, {"Pressed": "Key.backspace"}, {"Held": "Key.backspace"}, {"Released": "Key.backspace"}, {"Pressed": "Key.backspace"}, {"Held": "Key.backspace"}, {"Released": "Key.backspace"}, {"Pressed": "Key.backspace"}, {"Held": "Key.backspace"}, {"Released": "Key.backspace"}, {"Pressed": "Key.backspace"}, {"Held": "Key.backspace"}, {"Released": "Key.backspace"}, {"Pressed": "Key.backspace"}, {"Held": "Key.backspace"}, {"Released": "Key.backspace"}, {"Pressed": "'g'"}, {"Held": "'g'"}, {"Released": "'g'"}, {"Pressed": "'t'"}, {"Held": "'t'"}, {"Released": "'t'"}, {"Pressed": "'a'"}, {"Held": "'a'"}, {"Released": "'a'"}, {"Pressed": "Key.enter"}, {"Held": "Key.enter"}, {"Released": "Key.enter"}, {"Pressed": "Key.backspace"}, {"Held": "Key.backspace"}, {"Released": "Key.backspace"}, {"Pressed": "Key.backspace"}, {"Held": "Key.backspace"}, {"Released": "Key.backspace"}, {"Pressed": "Key.backspace"}, {"Held": "Key.backspace"}, {"Released": "Key.backspace"}, {"Pressed": "'g'"}, {"Held": "'g'"}, {"Released": "'g'"}, {"Pressed": "'u'"}, {"Held": "'u'"}, {"Released": "'u'"}, {"Pressed": "'n'"}, {"Held": "'n'"}, {"Released": "'n'"}, {"Pressed": "Key.enter"}, {"Held": "Key.enter"}, {"Released": "Key.enter"}, {"Pressed": "Key.backspace"}, {"Held": "Key.backspace"}, {"Released": "Key.backspace"}, {"Pressed": "Key.backspace"}, {"Held": "Key.backspace"}, {"Released": "Key.backspace"}, {"Pressed": "Key.backspace"}, {"Held": "Key.backspace"}, {"Released": "Key.backspace"}, {"Pressed": "'a'"}, {"Held": "'a'"}, {"Held": "'m'"}, {"Released": "'a'"}, {"Released": "'m'"}, {"Pressed": "'a'"}, {"Held": "'a'"}, {"Released": "'a'"}, {"Pressed": "'z'"}, {"Held": "'z'"}, {"Released": "'z'"}, {"Pressed": "'o'"}, {"Held": "'o'"}, {"Released": "'o'"}, {"Pressed": "'n'"}, {"Held": "'n'"}, {"Released": "'n'"}, {"Pressed": "Key.enter"}, {"Held": "Key.enter"}, {"Released": "Key.enter"}, {"Pressed": "Key.backspace"}, {"Held": "Key.backspace"}, {"Released": "Key.backspace"}, {"Pressed": "Key.backspace"}, {"Held": "Key.backspace"}, {"Released": "Key.backspace"}, {"Pressed": "Key.backspace"}, {"Held": "Key.backspace"}, {"Released": "Key.backspace"}, {"Pressed": "Key.backspace"}, {"Held": "Key.backspace"}, {"Released": "Key.backspace"}, {"Pressed": "Key.backspace"}, {"Held": "Key.backspace"}, {"Released": "Key.backspace"}, {"Pressed": "Key.backspace"}, {"Held": "Key.backspace"}, {"Released": "Key.backspace"}, {"Pressed": "'i'"}, {"Held": "'i'"}, {"Released": "'i'"}, {"Pressed": "'n'"}, {"Held": "'n'"}, {"Released": "'n'"}, {"Pressed": "'s'"}, {"Held": "'s'"}, {"Released": "'s'"}, {"Pressed": "'t'"}, {"Held": "'t'"}, {"Released": "'t'"}, {"Pressed": "'a'"}, {"Held": "'a'"}, {"Released": "'a'"}, {"Pressed": "'g'"}, {"Held": "'g'"}, {"Released": "'g'"}, {"Pressed": "'r'"}, {"Held": "'r'"}, {"Released": "'r'"}, {"Pressed": "'a'"}, {"Held": "'a'"}, {"Released": "'a'"}, {"Pressed": "'m'"}, {"Held": "'m'"}, {"Released": "'m'"}, {"Pressed": "Key.enter"}, {"Held": "Key.enter"}, {"Released": "Key.enter"}, {"Pressed": "Key.backspace"}, {"Held": "Key.backspace"}, {"Released": "Key.backspace"}, {"Pressed": "Key.backspace"}, {"Held": "Key.backspace"}, {"Released": "Key.backspace"}, {"Pressed": "Key.backspace"}, {"Held": "Key.backspace"}, {"Released": "Key.backspace"}, {"Pressed": "Key.backspace"}, {"Held": "Key.backspace"}, {"Released": "Key.backspace"}, {"Pressed": "Key.backspace"}, {"Held": "Key.backspace"}, {"Released": "Key.backspace"}, {"Pressed": "Key.backspace"}, {"Held": "Key.backspace"}, {"Released": "Key.backspace"}, {"Pressed": "Key.backspace"}, {"Held": "Key.backspace"}, {"Released": "Key.backspace"}, {"Pressed": "Key.backspace"}, {"Held": "Key.backspace"}, {"Released": "Key.backspace"}, {"Pressed": "Key.backspace"}, {"Held": "Key.backspace"}, {"Released": "Key.backspace"}, {"Pressed": "Key.backspace"}, {"Held": "Key.backspace"}, {"Released": "Key.backspace"}, {"Pressed": "Key.backspace"}, {"Held": "Key.backspace"}, {"Released": "Key.backspace"}, {"Pressed": "Key.backspace"}, {"Held": "Key.backspace"}, {"Released": "Key.backspace"}, {"Pressed": "Key.backspace"}, {"Held": "Key.backspace"}, {"Released": "Key.backspace"}, {"Pressed": "'c'"}, {"Held": "'c'"}, {"Released": "'c'"}, {"Pressed": "'h'"}, {"Held": "'h'"}, {"Released": "'h'"}, {"Pressed": "'a'"}, {"Held": "'a'"}, {"Held": "'t'"}, {"Released": "'a'"}, {"Released": "'t'"}, {"Pressed": "'g'"}, {"Held": "'g'"}, {"Released": "'g'"}, {"Pressed": "'p'"}, {"Held": "'p'"}, {"Released": "'p'"}, {"Pressed": "'t'"}, {"Held": "'t'"}, {"Released": "'t'"}, {"Pressed": "Key.enter"}, {"Held": "Key.enter"}, {"Released": "Key.enter"}]